youtube-u-growth,DensePull-SparsePush,static-vertex-parallel,boolean-array,false,15,5.956693172454834,0.056728
youtube-u-growth,SparsePush,static-vertex-parallel,boolean-array,false,0,5.5660319328308105,0.070077
soc-LiveJournal1,DensePull-SparsePush,serial,bitvector,false,0,44.953043699264526,0.880927
youtube-u-growth,DensePull-SparsePush,dynamic-vertex-parallel,boolean-array,false,0,5.71385931968689,0.034867
youtube-u-growth,DensePull-SparsePush,dynamic-vertex-parallel,boolean-array,false,10,5.803551197052002,0.054427
soc-LiveJournal1,SparsePush-DensePull,dynamic-vertex-parallel,bitvector,false,5,44.52994775772095,0.061551
dblp_coauthor,DensePush-SparsePush,static-vertex-parallel,boolean-array,false,0,17.695513248443604,0.047456
soc-LiveJournal1,DensePull-SparsePush,edge-aware-dynamic-vertex-parallel,boolean-array,false,20,44.72316074371338,0.070261
soc-LiveJournal1,DensePull,static-vertex-parallel,boolean-array,false,15,45.2764368057251,0.124058
orkut-links,DensePull-SparsePush,edge-aware-dynamic-vertex-parallel,bitvector,false,10,71.79180121421814,0.061871
soc-LiveJournal1,SparsePush-DensePull,static-vertex-parallel,boolean-array,false,20,45.306843280792236,0.060991
roadNet-CA,DensePull,static-vertex-parallel,bitvector,false,10,2.22489333152771,0.444722
roadNet-CA,SparsePush-DensePull,dynamic-vertex-parallel,boolean-array,false,20,1.8455848693847656,0.080585
orkut-links,DensePull,serial,bitvector,false,20,73.28018403053284,0.911422
roadNet-CA,SparsePush-DensePull,static-vertex-parallel,bitvector,false,0,1.7474329471588135,0.046435
roadNet-CA,DensePull-SparsePush,static-vertex-parallel,bitvector,false,5,1.8512639999389648,0.079337
soc-LiveJournal1,DensePull,serial,bitvector,false,10,46.85813546180725,1.76173
dblp_coauthor,DensePull-SparsePush,dynamic-vertex-parallel,boolean-array,false,10,18.069491147994995,0.035423
soc-LiveJournal1,SparsePush-DensePull,dynamic-vertex-parallel,boolean-array,false,15,39.48278832435608,0.072305
roadNet-CA,DensePull-SparsePush,serial,bitvector,false,10,1.8488078117370605,0.075544
orkut-links,SparsePush-DensePull,edge-aware-dynamic-vertex-parallel,boolean-array,false,20,71.75964784622192,0.071376
dblp_coauthor,DensePull-SparsePush,static-vertex-parallel,bitvector,false,10,17.662240028381348,0.037552
roadNet-CA,DensePull,dynamic-vertex-parallel,boolean-array,false,10,2.1262576580047607,0.34327
orkut-links,DensePush-SparsePush,dynamic-vertex-parallel,boolean-array,false,0,68.82712244987488,0.079679
roadNet-CA,SparsePush-DensePull,serial,bitvector,false,0,1.7839078903198242,0.086571
dblp_coauthor,DensePull-SparsePush,edge-aware-dynamic-vertex-parallel,bitvector,false,0,17.68498420715332,0.047121
soc-LiveJournal1,DensePull-SparsePush,edge-aware-dynamic-vertex-parallel,boolean-array,false,5,43.74053168296814,0.105586
soc-LiveJournal1,DensePull,dynamic-vertex-parallel,bitvector,false,15,37.28324508666992,0.110684
youtube-u-growth,DensePull-SparsePush,dynamic-vertex-parallel,bitvector,false,10,5.822036266326904,0.054633
orkut-links,DensePull,serial,bitvector,false,5,72.7687623500824,0.90007
roadNet-CA,SparsePush-DensePull,dynamic-vertex-parallel,bitvector,false,15,1.8113601207733154,0.087562
soc-LiveJournal1,DensePush-SparsePush,serial,boolean-array,false,0,44.47918105125427,0.694228
soc-LiveJournal1,DensePull-SparsePush,serial,bitvector,false,15,45.96674156188965,0.750078
dblp_coauthor,SparsePush-DensePull,serial,bitvector,false,0,17.92578387260437,0.214708
youtube-u-growth,SparsePush-DensePull,serial,boolean-array,false,15,5.92847204208374,0.164711
soc-LiveJournal1,DensePull-SparsePush,dynamic-vertex-parallel,bitvector,false,15,45.114601850509644,0.056377
soc-LiveJournal1,SparsePush-DensePull,dynamic-vertex-parallel,bitvector,false,15,45.08671188354492,0.056326
soc-LiveJournal1,DensePull-SparsePush,serial,boolean-array,false,5,45.51628565788269,0.798542
youtube-u-growth,SparsePush-DensePull,dynamic-vertex-parallel,bitvector,false,20,5.840830564498901,0.061902
soc-LiveJournal1,DensePull-SparsePush,dynamic-vertex-parallel,boolean-array,false,15,45.21127796173096,0.062383
soc-LiveJournal1,SparsePush,serial,boolean-array,false,0,45.16046953201294,1.43588
orkut-links,DensePush-SparsePush,serial,boolean-array,false,0,71.15939831733704,0.869852
orkut-links,SparsePush-DensePull,serial,boolean-array,false,20,72.5344672203064,0.96652
youtube-u-growth,DensePull-SparsePush,dynamic-vertex-parallel,bitvector,false,5,5.825140714645386,0.069428
dblp_coauthor,DensePull-SparsePush,dynamic-vertex-parallel,bitvector,false,20,18.072511672973633,0.048384
orkut-links,SparsePush-DensePull,serial,bitvector,false,5,72.72305107116699,0.93168
roadNet-CA,DensePull-SparsePush,static-vertex-parallel,bitvector,false,10,1.8139269351959229,0.061251
orkut-links,DensePull-SparsePush,edge-aware-dynamic-vertex-parallel,bitvector,false,0,70.60217332839966,0.059178
dblp_coauthor,DensePull-SparsePush,static-vertex-parallel,bitvector,false,5,17.94233536720276,0.041831
soc-LiveJournal1,SparsePush-DensePull,dynamic-vertex-parallel,boolean-array,false,5,44.274693965911865,0.055029
dblp_coauthor,SparsePush-DensePull,edge-aware-dynamic-vertex-parallel,bitvector,false,20,17.89927363395691,0.064722
roadNet-CA,SparsePush-DensePull,edge-aware-dynamic-vertex-parallel,bitvector,false,20,1.8412792682647705,0.071133
dblp_coauthor,SparsePush-DensePull,edge-aware-dynamic-vertex-parallel,bitvector,false,5,18.087145805358887,0.048807
roadNet-CA,DensePush-SparsePush,serial,boolean-array,false,0,1.134509563446045,0.084289
soc-LiveJournal1,DensePull-SparsePush,dynamic-vertex-parallel,boolean-array,false,10,45.29883790016174,0.056812
roadNet-CA,DensePull,edge-aware-dynamic-vertex-parallel,bitvector,false,0,1.8799481391906738,0.166031
soc-LiveJournal1,DensePush-SparsePush,dynamic-vertex-parallel,boolean-array,false,0,43.781179904937744,0.056957
soc-LiveJournal1,DensePull,edge-aware-dynamic-vertex-parallel,boolean-array,false,15,44.69499611854553,0.10642
roadNet-CA,DensePull-SparsePush,dynamic-vertex-parallel,boolean-array,false,20,1.831974983215332,0.069366
youtube-u-growth,DensePull-SparsePush,serial,bitvector,false,20,5.958943128585815,0.16623
dblp_coauthor,DensePull-SparsePush,edge-aware-dynamic-vertex-parallel,bitvector,false,5,18.037880420684814,0.050464
soc-LiveJournal1,DensePull-SparsePush,static-vertex-parallel,bitvector,false,15,45.204670906066895,0.076704
youtube-u-growth,DensePull,static-vertex-parallel,bitvector,false,10,5.861412525177002,0.081244
youtube-u-growth,SparsePush-DensePull,serial,boolean-array,false,5,5.913447856903076,0.174784
roadNet-CA,SparsePush-DensePull,serial,boolean-array,false,0,1.7899785041809082,0.077725
youtube-u-growth,DensePull,serial,boolean-array,false,0,5.779216766357422,0.151841
soc-LiveJournal1,DensePull,serial,boolean-array,false,0,45.97562265396118,2.05665
roadNet-CA,SparsePush-DensePull,edge-aware-dynamic-vertex-parallel,boolean-array,false,15,1.8309779167175293,0.068746
youtube-u-growth,SparsePush-DensePull,static-vertex-parallel,boolean-array,false,10,5.872776746749878,0.052512
roadNet-CA,SparsePush-DensePull,static-vertex-parallel,bitvector,false,20,1.82753324508667,0.072611
soc-LiveJournal1,DensePull,static-vertex-parallel,bitvector,false,20,45.40723395347595,0.123518
youtube-u-growth,DensePull-SparsePush,static-vertex-parallel,bitvector,false,0,3.9389560222625732,0.041396
soc-LiveJournal1,DensePull-SparsePush,serial,boolean-array,false,15,45.039854288101196,0.807372
orkut-links,SparsePush-DensePull,static-vertex-parallel,bitvector,false,20,70.28712630271912,0.063429
roadNet-CA,DensePull-SparsePush,serial,bitvector,false,5,1.8486618995666504,0.083362
roadNet-CA,DensePull,dynamic-vertex-parallel,boolean-array,false,20,2.3149614334106445,0.517041
youtube-u-growth,DensePull-SparsePush,edge-aware-dynamic-vertex-parallel,boolean-array,false,15,5.835170269012451,0.064004
orkut-links,SparsePush,serial,boolean-array,false,0,70.23915886878967,1.37174
youtube-u-growth,SparsePush-DensePull,edge-aware-dynamic-vertex-parallel,boolean-array,false,20,5.830374717712402,0.073086
orkut-links,DensePull,serial,bitvector,false,15,72.71512770652771,0.912101
soc-LiveJournal1,SparsePush,static-vertex-parallel,boolean-array,false,0,44.028021812438965,0.127229
youtube-u-growth,DensePull,serial,boolean-array,false,15,5.9267637729644775,0.144716
soc-LiveJournal1,SparsePush-DensePull,static-vertex-parallel,bitvector,false,10,43.82969355583191,0.054835
youtube-u-growth,DensePull,serial,boolean-array,false,10,5.960571765899658,0.157997
roadNet-CA,DensePull,dynamic-vertex-parallel,boolean-array,false,15,2.200157880783081,0.417707
dblp_coauthor,DensePull-SparsePush,static-vertex-parallel,bitvector,false,20,18.13480043411255,0.040866
roadNet-CA,DensePull-SparsePush,dynamic-vertex-parallel,bitvector,false,10,1.827155351638794,0.067778
orkut-links,DensePull-SparsePush,serial,boolean-array,false,0,71.4792709350586,1.2597
youtube-u-growth,DensePull,static-vertex-parallel,bitvector,false,15,5.865400075912476,0.076972
orkut-links,DensePull-SparsePush,static-vertex-parallel,bitvector,false,15,72.16976857185364,0.055807
roadNet-CA,SparsePush-DensePull,serial,bitvector,false,20,1.8247129917144775,0.062094
roadNet-CA,DensePull,dynamic-vertex-parallel,bitvector,false,0,1.814856767654419,0.10191
dblp_coauthor,SparsePush-DensePull,edge-aware-dynamic-vertex-parallel,boolean-array,false,15,18.190359115600586,0.053291
dblp_coauthor,DensePull,serial,bitvector,false,20,18.78757929801941,0.721293
roadNet-CA,DensePull,dynamic-vertex-parallel,boolean-array,false,5,2.0825631618499756,0.290275
roadNet-CA,DensePull-SparsePush,dynamic-vertex-parallel,boolean-array,false,15,1.84200119972229,0.07469
dblp_coauthor,DensePull-SparsePush,dynamic-vertex-parallel,bitvector,false,0,17.74308967590332,0.050677
youtube-u-growth,DensePull-SparsePush,serial,boolean-array,false,5,5.839798450469971,0.176709
youtube-u-growth,DensePull,dynamic-vertex-parallel,bitvector,false,10,5.9467933177948,0.07351
dblp_coauthor,DensePull,dynamic-vertex-parallel,bitvector,false,20,18.07152032852173,0.081774
dblp_coauthor,DensePull-SparsePush,edge-aware-dynamic-vertex-parallel,bitvector,false,20,17.976863145828247,0.047468
orkut-links,DensePull,static-vertex-parallel,bitvector,false,15,71.87543225288391,0.080872
roadNet-CA,DensePull-SparsePush,edge-aware-dynamic-vertex-parallel,bitvector,false,20,1.8219847679138184,0.081224
dblp_coauthor,DensePull,static-vertex-parallel,boolean-array,false,20,18.115958213806152,0.078107
orkut-links,DensePull,dynamic-vertex-parallel,bitvector,false,5,71.51332306861877,0.058167
youtube-u-growth,DensePull-SparsePush,serial,boolean-array,false,15,5.91428804397583,0.164155
orkut-links,DensePull,dynamic-vertex-parallel,bitvector,false,20,72.69267702102661,0.075863
youtube-u-growth,SparsePush-DensePull,dynamic-vertex-parallel,boolean-array,false,0,5.682117700576782,0.042915
roadNet-CA,SparsePush-DensePull,dynamic-vertex-parallel,bitvector,false,10,1.8145687580108643,0.059779
dblp_coauthor,DensePull,dynamic-vertex-parallel,bitvector,false,10,18.114058256149292,0.089188
dblp_coauthor,DensePull,edge-aware-dynamic-vertex-parallel,bitvector,false,0,17.70563793182373,0.050223
youtube-u-growth,DensePull,static-vertex-parallel,bitvector,false,0,5.665586471557617,0.057434
dblp_coauthor,DensePull-SparsePush,dynamic-vertex-parallel,bitvector,false,5,18.20758819580078,0.040151
youtube-u-growth,DensePull-SparsePush,dynamic-vertex-parallel,boolean-array,false,5,5.842695474624634,0.086848
roadNet-CA,DensePull-SparsePush,dynamic-vertex-parallel,boolean-array,false,5,1.8306798934936523,0.055324
soc-LiveJournal1,DensePull-SparsePush,serial,bitvector,false,20,45.67251181602478,0.760345
soc-LiveJournal1,DensePull-SparsePush,static-vertex-parallel,boolean-array,false,10,44.29515624046326,0.058738
orkut-links,SparsePush-DensePull,serial,boolean-array,false,0,71.17240738868713,1.31565
dblp_coauthor,SparsePush-DensePull,static-vertex-parallel,bitvector,false,10,18.092237949371338,0.036842
dblp_coauthor,DensePull,edge-aware-dynamic-vertex-parallel,boolean-array,false,10,18.04290771484375,0.059224
soc-LiveJournal1,DensePull,serial,bitvector,false,15,47.221763134002686,1.82131
roadNet-CA,DensePull,static-vertex-parallel,boolean-array,false,20,2.3249025344848633,0.546265
roadNet-CA,DensePull-SparsePush,static-vertex-parallel,boolean-array,false,5,1.8269078731536865,0.061239
roadNet-CA,SparsePush-DensePull,static-vertex-parallel,bitvector,false,5,1.813640832901001,0.053731
orkut-links,DensePull-SparsePush,serial,boolean-array,false,5,72.0616545677185,1.07901
soc-LiveJournal1,DensePull,serial,bitvector,false,5,46.69976234436035,1.55282
